Title,Address,PhoneNumber,WebsiteURL
Barbe à Bidou Paris 3 Le Marais Coiffeur homme Barbier Barbershop,"13 Rue Michel le Comte, 75003 Paris, Франция",+33 1 45 35 96 60,barbiercoiffeur.fr
Grizzly Barber Shop,"80 Bd Beaumarchais, 75011 Paris, Франция",+33 1 48 07 80 87,grizzly-barbershop.com
Grizzly,"17 bis Rue La Boétie, 75008 Paris, Франция",+33 1 42 65 89 20,grizzly-barbershop.com
L'appartement 235th Barber Shop Paris,"15 Rue Étienne Marcel, 75001 Paris, Франция",+33 1 82 07 70 36,planity.com
Gentleman Barber Shop,"37 Rue Richard Lenoir, 75011 Paris, Франция",+33 1 83 06 04 71,planity.com
Grizzly Barbershop - Barbier Coiffeur Homme - Paris 10,"1 Rue d'Hauteville, 75010 Paris, Франция",+33 1 44 79 00 81,grizzly-barbershop.com
"Barbe à Bidou Paris 15 Coiffeur homme, enfant, Barbier, Barbershop","130 Rue Lecourbe, 75015 Paris, Франция",+33 1 40 61 07 70,barbiercoiffeur.fr
Les Garçons Barbiers,"4 Bd de Sébastopol, 75004 Paris, Франция",+33 1 48 87 11 06,lesgarconsbarbiers.com
La Clé du Barbier,"24 Rue Choron, 75009 Paris, Франция",+33 7 85 76 59 45,lacledubarbier.com
French Montaper(Romain) :Barbershop coiffeur barbier a Paris,"Chez Shape up, 92 Rue Saint-Maur, 75011 Paris, Франция",+33 6 51 67 28 17,business.site
Barbershop Paris - Salon de Coiffure Pour Homme - Zak l'artiste,"25 Boulevard de Charonne, 75011 Paris, Франция",+33 6 25 88 14 95,zaklartiste.com
L’Instant Barbier Paris 3 Le Marais Coiffeur homme Barbier Barbershop,"43 Rue de Turenne, 75003 Paris, Франция",+33 1 45 35 47 22,linstantbarbier.fr
Boys Barbers,"13 Rue Saint-Lazare, 75009 Paris, Франция",+33 1 42 41 03 01,lesgarconsbarbiers.com
Azar Barbershop - coiffeur Paris,"9 Rue Le Goff, 75005 Paris, Франция",+33 6 72 06 24 00,azarbarbershopparis.fr
"Barbe à Bidou Paris 16 Beaugrenelle, Coiffeur homme, enfant, Barbier, Barbershop","94 Rue Raynouard, 75016 Paris, Франция",+33 1 46 51 23 64,barbiercoiffeur.fr
La Clé Du Barbier,"4 Rue Geoffroy l'Angevin, 75004 Paris, Франция",+33 6 79 28 50 41,lacledubarbier.com
Le Bon Barbier,"17 Rue Saint-Paul, 75004 Paris, Франция",+33 1 71 24 94 92,lebonbarbier.com
Les Garçons Barbiers - Champs Élysées,"29 Rue Marbeuf, 75008 Paris, Франция",+33 1 53 76 00 26,lesgarconsbarbiers.com
Artists Hairdressers Colourists,"42 Rue Saint-Paul, 75004 Paris, Франция",+33 7 69 42 45 12,artistescoiffeurscoloristes.com
Les Garçons Barbiers - Champs Élysées,"29 Rue Marbeuf, 75008 Paris, Франция",+33 1 53 76 00 26,lesgarconsbarbiers.com
Barbe à Bidou Paris 3 Le Marais Coiffeur homme Barbier Barbershop,"13 Rue Michel le Comte, 75003 Paris, Франция",+33 1 45 35 96 60,barbiercoiffeur.fr
Grizzly Barber Shop,"80 Bd Beaumarchais, 75011 Paris, Франция",+33 1 48 07 80 87,grizzly-barbershop.com
Grizzly,"17 bis Rue La Boétie, 75008 Paris, Франция",+33 1 42 65 89 20,grizzly-barbershop.com
L'appartement 235th Barber Shop Paris,"15 Rue Étienne Marcel, 75001 Paris, Франция",+33 1 82 07 70 36,planity.com
Gentleman Barber Shop,"37 Rue Richard Lenoir, 75011 Paris, Франция",+33 1 83 06 04 71,planity.com
Grizzly Barbershop - Barbier Coiffeur Homme - Paris 10,"1 Rue d'Hauteville, 75010 Paris, Франция",+33 1 44 79 00 81,grizzly-barbershop.com
"Barbe à Bidou Paris 15 Coiffeur homme, enfant, Barbier, Barbershop","130 Rue Lecourbe, 75015 Paris, Франция",+33 1 40 61 07 70,barbiercoiffeur.fr
Les Garçons Barbiers,"4 Bd de Sébastopol, 75004 Paris, Франция",+33 1 48 87 11 06,lesgarconsbarbiers.com
La Clé du Barbier,"24 Rue Choron, 75009 Paris, Франция",+33 7 85 76 59 45,lacledubarbier.com
French Montaper(Romain) :Barbershop coiffeur barbier a Paris,"Chez Shape up, 92 Rue Saint-Maur, 75011 Paris, Франция",+33 6 51 67 28 17,business.site
Barbershop Paris - Salon de Coiffure Pour Homme - Zak l'artiste,"25 Boulevard de Charonne, 75011 Paris, Франция",+33 6 25 88 14 95,zaklartiste.com
L’Instant Barbier Paris 3 Le Marais Coiffeur homme Barbier Barbershop,"43 Rue de Turenne, 75003 Paris, Франция",+33 1 45 35 47 22,linstantbarbier.fr
Boys Barbers,"13 Rue Saint-Lazare, 75009 Paris, Франция",+33 1 42 41 03 01,lesgarconsbarbiers.com
Azar Barbershop - coiffeur Paris,"9 Rue Le Goff, 75005 Paris, Франция",+33 6 72 06 24 00,azarbarbershopparis.fr
"Barbe à Bidou Paris 16 Beaugrenelle, Coiffeur homme, enfant, Barbier, Barbershop","94 Rue Raynouard, 75016 Paris, Франция",+33 1 46 51 23 64,barbiercoiffeur.fr
La Clé Du Barbier,"4 Rue Geoffroy l'Angevin, 75004 Paris, Франция",+33 6 79 28 50 41,lacledubarbier.com
